3298957684704,0.021453745663166046,-0.0029416256584227085,-0.007389501668512821
3299150865728,0.01994057185947895,-0.0034960457123816013,-0.007813449017703533
3299352627072,0.01895892806351185,-0.0027630901895463467,-0.005658278241753578
3299582682784,0.01841217279434204,-0.002875491278246045,-0.004061230458319187
3299810326464,0.020235346630215645,-0.004038704093545675,-0.0038067984860390425
3300016435264,0.023377420380711555,-0.0034027842339128256,-0.005310498643666506
3300232538496,0.024523170664906502,-0.0015323180705308914,-0.005336153320968151
3300631516192,0.02199096418917179,-0.0030060834251344204,-0.005437841638922691
3300858049728,0.020403577014803886,-0.0049906205385923386,-0.005492265801876783
3300959788704,0.02129882201552391,-0.005312805995345116,-0.005418033339083195
3301170500256,0.02143244259059429,-0.008204381912946701,-0.004834016785025597
3301401071328,0.021350568160414696,-0.00805142242461443,-0.004024192225188017
3301604010784,0.01966906525194645,-0.008780655451118946,-0.004190228879451752
3301837447392,0.018241053447127342,-0.009952224791049957,-0.005117224995046854
3302047673856,0.018442446365952492,-0.010693489573895931,-0.005543628707528114
3302259231872,0.02004767768085003,-0.010881059803068638,-0.004705446306616068
3302472285632,0.02233748883008957,-0.010718978010118008,-0.003343281103298068
3302680779296,0.023933399468660355,-0.01292288675904274,-0.0018678331980481744
3302916278752,0.02399635873734951,-0.01685306988656521,-0.0015556300058960915
3303122642112,0.0230165496468544,-0.018458278849720955,-0.0017894166521728039
3303340842016,0.021892767399549484,-0.016910094767808914,-0.0016817779978737235
3303541777024,0.022790227085351944,-0.01342599093914032,-0.0009614001610316336
3303769983072,0.025448890402913094,-0.00867915153503418,-0.000724238168913871
3303997941344,0.026308393105864525,-0.003895490663126111,-0.002201666356995702
3304195710976,0.025768470019102097,0.0012979526072740555,-0.004281978122889996
3304399234432,0.025564469397068024,0.006689647678285837,-0.006446132902055979
3304623616864,0.0269793551415205,0.009165224619209766,-0.006353049073368311
3304850953600,0.02838980220258236,0.009277786128222942,-0.005022828932851553
3305074480576,0.03018171899020672,0.009131456725299358,-0.004005486145615578
3305292754720,0.03281134366989136,0.010599660687148571,-0.004022059962153435
3305521805376,0.03548716381192207,0.013831989839673042,-0.004765358287841082
3305730203232,0.03699576109647751,0.017337040975689888,-0.006726910825818777
3305951945088,0.036895930767059326,0.01758473366498947,-0.009733486920595169
3306174679328,0.039123594760894775,0.014846403151750565,-0.008981308899819851
3306385892096,0.04077788442373276,0.009782318025827408,-0.004237949848175049
3306592076384,0.03713107481598854,0.0018540015444159508,-0.0021808992605656385
3306814659552,0.0319855697453022,-0.005769319832324982,0.00017965892038773745
3307047812640,0.028188327327370644,-0.012745672836899757,0.0029047552961856127
3307272333184,0.02922856993973255,-0.014580965973436832,0.00960264541208744
3307478782208,0.031127633526921272,-0.011184342205524445,0.015182743780314922
3307690046624,0.030728397890925407,-0.0075555117800831795,0.018336953595280647
3307896444064,0.02930348552763462,-0.00320117874071002,0.021405870094895363
3308120420480,0.030693555250763893,0.001002842327579856,0.027172591537237167
3308351121792,0.0343744158744812,0.005739340092986822,0.03544696792960167
3308556228160,0.03828329220414162,0.009432138875126839,0.04509474337100983
3308784689408,0.039692316204309464,0.012417692691087723,0.05513296648859978
3308995207424,0.04045228287577629,0.014050282537937164,0.06470883637666702
3309217693856,0.041293226182460785,0.014943712390959263,0.0741693377494812
3309433231776,0.04081439971923828,0.01282329112291336,0.08541955798864365
3309655789312,0.040789227932691574,0.010243438184261322,0.09742315113544464
3309882096672,0.04200613871216774,0.007747025694698095,0.10963654518127441
3310094499392,0.0444803386926651,0.005827455781400204,0.12324666976928711
3310316553728,0.046896904706954956,0.005298273172229528,0.13352076709270477
3310697447712,0.04813103377819061,0.0040569300763309,0.14044047892093658
3310909593728,0.04968157038092613,0.0023367463145405054,0.1470085233449936
3311033533088,0.05631126090884209,0.006692573893815279,0.16107657551765442
3311232448608,0.06316221505403519,0.002707507461309433,0.16579635441303253
3311462261888,0.09781911224126816,0.01286160759627819,0.1807723045349121
3311690398272,0.10010827332735062,0.014907382428646088,0.18552936613559723
3311897158976,0.10480114817619324,0.017348287627100945,0.1920504868030548
3312120134688,0.1110035702586174,0.02053052932024002,0.19923017919063568
3312318866272,0.11597084254026413,0.025256440043449402,0.20700541138648987
3312539160032,0.12092199921607971,0.033105310052633286,0.21493424475193024
3312756491072,0.12486624717712402,0.04176118224859238,0.22048193216323853
3312979972896,0.12956948578357697,0.05018509179353714,0.22552338242530823
3313201932320,0.13597425818443298,0.05867929011583328,0.23096643388271332
3313415054272,0.14735108613967896,0.06067436933517456,0.23779824376106262
3313617986016,0.16584540903568268,0.060964375734329224,0.2489696741104126
3313851438368,0.18955819308757782,0.06643046438694,0.2607336938381195
3314057209056,0.21596701443195343,0.07578238099813461,0.26946762204170227
3314281748576,0.2470407634973526,0.08842700719833374,0.2767878770828247
3314514209280,0.2814010977745056,0.10401850938796997,0.28264516592025757
3314714599776,0.31589841842651367,0.12165073305368423,0.2874840199947357
3314937295552,0.3471757769584656,0.13894407451152802,0.29186728596687317
3315155978080,0.38291093707084656,0.15541835129261017,0.2952008545398712
3315377492992,0.4237581491470337,0.17130067944526672,0.29873010516166687
3315603519520,0.46960335969924927,0.18642529845237732,0.30255573987960815
3315810693536,0.5137825012207031,0.20173312723636627,0.30625468492507935
3316019808672,0.5550553202629089,0.2192578911781311,0.3099276125431061
3316244584768,0.5959590077400208,0.23691368103027344,0.31311851739883423
3316478415008,0.6371127367019653,0.2501624524593353,0.3166665732860565
3316660454912,0.6818616986274719,0.2657182216644287,0.32095855474472046
3316890015360,0.7214552164077759,0.2820407450199127,0.32558056712150574
3317116332192,0.7563404440879822,0.30174633860588074,0.3295435607433319
3317317816800,0.7929045557975769,0.3218317925930023,0.3324246108531952
3317552117248,0.8343625664710999,0.34042954444885254,0.3361697793006897
3317769691200,0.8781609535217285,0.3603705167770386,0.34249457716941833
3317978509120,0.9234825968742371,0.38287967443466187,0.35030287504196167
3318181212160,0.9695703983306885,0.4048532545566559,0.35625046491622925
3318391472192,1.0222432613372803,0.42614492774009705,0.3626541197299957
3318615962208,1.076909065246582,0.44812554121017456,0.36782822012901306
3318829517696,1.1330729722976685,0.4730939269065857,0.3721635937690735
3319032957856,1.1889504194259644,0.4955403506755829,0.3767479360103607
3319267696384,1.2543702125549316,0.5187777280807495,0.38089340925216675
3319473477088,1.3196569681167603,0.5376721024513245,0.38669121265411377
3319706918400,1.393874168395996,0.5578799247741699,0.39234548807144165
3319937660160,1.4670917987823486,0.5727542638778687,0.39886030554771423
3320139766176,1.533872127532959,0.5846567153930664,0.4031229317188263
3320367378176,1.599021315574646,0.6023120284080505,0.4069368839263916
3320837545568,1.670896291732788,0.6136025786399841,0.4136248826980591
3320937658400,1.7439885139465332,0.623003363609314,0.41974323987960815
3321060059744,1.8191132545471191,0.6389521956443787,0.4289516806602478
3321285382400,1.8678914308547974,0.6450183987617493,0.4286317527294159
3321496374304,1.9171161651611328,0.6525378823280334,0.43150919675827026
3321718166752,1.9589362144470215,0.6583520770072937,0.4339084327220917
3321914001248,1.9998854398727417,0.662912130355835,0.4361077547073364
3322136656320,2.034998655319214,0.6679826378822327,0.44088345766067505
3322361709760,2.067519187927246,0.6727217435836792,0.44619306921958923
3322583272896,2.0961098670959473,0.6744839549064636,0.4513450860977173
3322786875712,2.12280011177063,0.6754047274589539,0.45642030239105225
3323010869056,2.147287607192993,0.6758699417114258,0.46061426401138306
3323214208480,2.1702470779418945,0.6751444339752197,0.4644409418106079
3323440405312,2.1931402683258057,0.6750348806381226,0.4679373502731323
3323657466336,2.2148020267486572,0.6762610077857971,0.47080713510513306
3323867446464,2.235149383544922,0.6769993901252747,0.47218766808509827
3324111508704,2.255593776702881,0.6799997687339783,0.47367122769355774
3324315401920,2.2748594284057617,0.6812664866447449,0.47495198249816895
3324552368960,2.294811725616455,0.6828355193138123,0.47549548745155334
3324772864032,2.3149266242980957,0.6848370432853699,0.47467041015625
3324953271712,2.3340537548065186,0.6861446499824524,0.47365981340408325
3325175887840,2.3515806198120117,0.6878393292427063,0.47365379333496094
3325412066048,2.369168519973755,0.689664363861084,0.47382840514183044
3325614752832,2.3857483863830566,0.6915788650512695,0.4737039804458618
3325836642400,2.401578664779663,0.6920152902603149,0.47378453612327576
3326060925600,2.4171717166900635,0.6924059391021729,0.47387078404426575
3326274076736,2.4317142963409424,0.6940690279006958,0.47416362166404724
3326481186560,2.445979595184326,0.6961129903793335,0.4756079316139221
3326709206432,2.459984540939331,0.6975686550140381,0.47761598229408264
3326928545600,2.473761796951294,0.6997705101966858,0.4794352948665619
3327154353472,2.488189935684204,0.7017989754676819,0.48125606775283813
3327378888448,2.5018906593322754,0.7039111256599426,0.4823584258556366
3327581015552,2.515092611312866,0.7059018015861511,0.48441529273986816
3327792192512,2.528097152709961,0.7082548141479492,0.4869159758090973
3328037337376,2.5408384799957275,0.7099442481994629,0.4893079996109009
3328233906016,2.5528743267059326,0.710329532623291,0.49218565225601196
3328454523264,2.5576884746551514,0.7019352316856384,0.4986952543258667
3328687271648,2.5552191734313965,0.6819518208503723,0.5088637471199036
3328896729600,2.551264762878418,0.6505357027053833,0.5185561776161194
3329096425344,2.548924446105957,0.6098271012306213,0.5315161347389221
3329320744800,2.547606945037842,0.5651516914367676,0.5480818748474121
3329549421568,2.5479538440704346,0.5177124738693237,0.5661959648132324
3329769611040,2.5488219261169434,0.4671422839164734,0.585292398929596
3329967637952,2.5453615188598633,0.40766584873199463,0.6026635766029358
3330187816064,2.5400004386901855,0.3458043932914734,0.6193187236785889
3330409069248,2.5258874893188477,0.2823544442653656,0.6280307769775391
3330782480064,2.5073814392089844,0.21211914718151093,0.6354897022247314
3331010240800,2.490325927734375,0.1375005543231964,0.6447857618331909
3331114153184,2.4785044193267822,0.049721404910087585,0.6649990677833557
3331312742080,2.4694604873657227,-0.02551785483956337,0.6731792688369751
3331543000704,2.46431565284729,-0.09735984355211258,0.6797839403152466
3331739190944,2.4636683464050293,-0.16181251406669617,0.6851373910903931
3331970006592,2.467172622680664,-0.22018517553806305,0.6870369911193848
3332171204064,2.472252368927002,-0.27452725172042847,0.6851517558097839
3332396476384,2.4805924892425537,-0.32442858815193176,0.6834545135498047
3332625202816,2.489354372024536,-0.36520642042160034,0.6773424744606018
3332847252832,2.499117374420166,-0.3990314304828644,0.6704714298248291
3333050026528,2.5110762119293213,-0.42935922741889954,0.6644372940063477
3333291391296,2.5205585956573486,-0.4575686454772949,0.6569710373878479
3333494343776,2.529573678970337,-0.4856365919113159,0.647663414478302
3333706932320,2.537827730178833,-0.5146805644035339,0.6356486082077026
3333933724064,2.5463576316833496,-0.5421067476272583,0.6203301548957825
3334140985984,2.553370237350464,-0.5677799582481384,0.6020630598068237
3334367363296,2.5602879524230957,-0.5923556089401245,0.5831207036972046
3334583522112,2.565728187561035,-0.617274820804596,0.5620117783546448
3334812064352,2.5701353549957275,-0.6465048789978027,0.5389193892478943
3335030123328,2.574902296066284,-0.6798974275588989,0.5141504406929016
3335228590240,2.5817787647247314,-0.71384596824646,0.4920797348022461
3335452558208,2.5886056423187256,-0.7477226853370667,0.47215643525123596
3335668689696,2.596510410308838,-0.7801122069358826,0.4545748829841614
3335897139680,2.605775833129883,-0.8090990781784058,0.43808844685554504
3336110382880,2.616445541381836,-0.8344234228134155,0.4223116934299469
3336330742144,2.6252758502960205,-0.8578313589096069,0.4062705636024475
3336550144928,2.6340363025665283,-0.8799251317977905,0.3928741216659546
3336772811776,2.643078327178955,-0.9015787243843079,0.3809950053691864
3336971548544,2.652127504348755,-0.922919511795044,0.3696269392967224
3337189037664,2.6606075763702393,-0.9427123665809631,0.36034607887268066
3337406036832,2.6696462631225586,-0.9634898900985718,0.35260602831840515
3337629515264,2.679701089859009,-0.9848340749740601,0.3470403850078583
3337842276864,2.6890859603881836,-1.0046181678771973,0.34286484122276306
3338074770080,2.699436902999878,-1.02327299118042,0.34053680300712585
3338287288128,2.7094178199768066,-1.0410064458847046,0.33852940797805786
3338508286944,2.7194695472717285,-1.0583158731460571,0.33714431524276733
3338723136704,2.729313850402832,-1.075035572052002,0.3351748585700989
3338941895584,2.7396042346954346,-1.088945746421814,0.33433762192726135
3339141053344,2.7513134479522705,-1.1020030975341797,0.335232675075531
3339383669280,2.762845754623413,-1.1134109497070312,0.3363937437534332
3339583980992,2.7745087146759033,-1.122951626777649,0.3384011387825012
3339799984192,2.784729480743408,-1.1319541931152344,0.340524822473526
3340021074016,2.796030044555664,-1.1397716999053955,0.3428226709365845
3340240936384,2.8061141967773438,-1.1461197137832642,0.3454306125640869
3340453710048,2.816392183303833,-1.1509090662002563,0.3493865132331848
3340849454272,2.8255302906036377,-1.1555293798446655,0.3531956374645233
3341044423648,2.834408760070801,-1.159102439880371,0.3578406870365143
3341154140640,2.84257173538208,-1.1595146656036377,0.3643935024738312
3341370655104,2.8545961380004883,-1.162176251411438,0.36983534693717957
3341591494016,2.8638980388641357,-1.1621354818344116,0.37611401081085205
3341810138880,2.8719236850738525,-1.1610050201416016,0.38276198506355286
3342017824640,2.8779733180999756,-1.1594504117965698,0.38808974623680115
3342251950528,2.8837831020355225,-1.1566463708877563,0.39355239272117615
3342471952768,2.8886470794677734,-1.1536288261413574,0.39880913496017456
3342687567360,2.892939567565918,-1.1486210823059082,0.4043728709220886
3342907208000,2.8960556983947754,-1.142996072769165,0.40993502736091614
3343125868544,2.8989756107330322,-1.1358482837677002,0.41466522216796875
3343327655296,2.9018893241882324,-1.1281968355178833,0.4186752140522003
3343549589824,2.9032371044158936,-1.120152235031128,0.42219269275665283
3343768825184,2.902787446975708,-1.1119953393936157,0.4253895878791809
3343969818752,2.9014110565185547,-1.1035487651824951,0.42797866463661194
3344182205184,2.8993263244628906,-1.0954504013061523,0.42965108156204224
3344401466688,2.896313190460205,-1.0866318941116333,0.43091022968292236
3344633189344,2.8931589126586914,-1.0788780450820923,0.4317150413990021
3344850781568,2.888906955718994,-1.0697050094604492,0.4328896999359131
3345061953216,2.8833954334259033,-1.060294270515442,0.43308719992637634
3345280527456,2.8771557807922363,-1.05141019821167,0.4335945248603821
3345479526112,2.8702077865600586,-1.0428205728530884,0.4323495328426361
3345712116352,2.8625106811523438,-1.034629464149475,0.43051397800445557
3345911828224,2.854409694671631,-1.0268266201019287,0.4289163053035736
3346148419200,2.8446953296661377,-1.0187175273895264,0.4278121292591095
3346361260672,2.833951473236084,-1.0098448991775513,0.42553970217704773
3346579191744,2.8236920833587646,-1.0014896392822266,0.4226512610912323
3346795886112,2.812171459197998,-0.993709921836853,0.4192098379135132
3347001294624,2.8002524375915527,-0.9866288304328918,0.41642630100250244
3347232295328,2.7875163555145264,-0.9803006649017334,0.4144088923931122
3347436207840,2.774702787399292,-0.9754116535186768,0.41261348128318787
3347666167008,2.761443853378296,-0.9709399342536926,0.4108668267726898
3347883679744,2.7477798461914062,-0.9659769535064697,0.4084445834159851
3348098148320,2.7342822551727295,-0.9613495469093323,0.40592077374458313
3348315334080,2.7205350399017334,-0.9578204154968262,0.40338462591171265
3348548473408,2.7050845623016357,-0.9546520709991455,0.4016965329647064
3348749164480,2.6893155574798584,-0.9512993097305298,0.40031638741493225
3348968701536,2.6730573177337646,-0.9483007192611694,0.3987240195274353
3349191651264,2.657055139541626,-0.9463416934013367,0.3971543610095978
3349409735456,2.6413414478302,-0.9462637305259705,0.395640105009079
3349630535040,2.6262893676757812,-0.9465382099151611,0.39451947808265686
3349846703040,2.611171007156372,-0.9474193453788757,0.39261582493782043
3350046721440,2.595956563949585,-0.948579728603363,0.3900979459285736
3350283257472,2.5808095932006836,-0.9509110450744629,0.3877007067203522
3350498393664,2.5654819011688232,-0.9544088840484619,0.38524577021598816
3350876128928,2.5500285625457764,-0.9595625996589661,0.3840031325817108
3351097580576,2.534389019012451,-0.9642869234085083,0.3819451630115509
3351211497760,2.5171072483062744,-0.9718210697174072,0.3789006173610687
3351428907136,2.5035057067871094,-0.9788374304771423,0.37671005725860596
3351640756672,2.489363670349121,-0.986302375793457,0.3749120533466339
3351860959296,2.4760429859161377,-0.9950523376464844,0.37315288186073303
3352076902336,2.462999105453491,-1.0035566091537476,0.3716232478618622
3352285560416,2.450324535369873,-1.0128899812698364,0.3704630434513092
3352508347456,2.4392528533935547,-1.0234899520874023,0.36907750368118286
3352729594784,2.428725242614746,-1.0350512266159058,0.36788591742515564
3352946225792,2.419360876083374,-1.0466798543930054,0.36734259128570557
3353160061632,2.4097397327423096,-1.059720754623413,0.3666302561759949
3353379277248,2.4004907608032227,-1.072487711906433,0.36567896604537964
3353605930528,2.3916258811950684,-1.085715413093567,0.3647489547729492
3353810006240,2.3836028575897217,-1.0996342897415161,0.36453038454055786
3354032554208,2.376657724380493,-1.1137868165969849,0.36418959498405457
3354246024864,2.3704516887664795,-1.1278945207595825,0.36444780230522156
3354458335648,2.364327907562256,-1.1415845155715942,0.3637129068374634
3354671832448,2.359731912612915,-1.1561692953109741,0.3638453185558319
3354874997216,2.358696699142456,-1.168627142906189,0.3657127022743225
3355094854432,2.3602752685546875,-1.1766124963760376,0.3669266104698181
3355317064128,2.363530397415161,-1.182688593864441,0.366967111825943
3355555214528,2.3682239055633545,-1.1874020099639893,0.3666914105415344
3355760572736,2.373652935028076,-1.1905392408370972,0.3659205138683319
3355988276512,2.380092144012451,-1.1947906017303467,0.3657258450984955
3356210339552,2.3893115520477295,-1.2016339302062988,0.3665589392185211
3356429598112,2.3998565673828125,-1.209702730178833,0.367838054895401
3356641921120,2.410959243774414,-1.2171553373336792,0.36934754252433777
3356861779040,2.4246928691864014,-1.2242825031280518,0.37167683243751526
3357091431904,2.437692642211914,-1.2345458269119263,0.3709067404270172
3357313168416,2.4516046047210693,-1.2452199459075928,0.37143397331237793
3357516467168,2.4675915241241455,-1.2533183097839355,0.37395378947257996
3357736855488,2.4854609966278076,-1.2592442035675049,0.3771417737007141
3357968109120,2.5031898021698,-1.262771487236023,0.37884584069252014
3358174532224,2.521345615386963,-1.2641370296478271,0.3799111545085907
3358406343264,2.5411040782928467,-1.2650094032287598,0.3807373344898224
3358611289120,2.5609631538391113,-1.2654688358306885,0.381271630525589
3358814630336,2.580294132232666,-1.2659032344818115,0.381464421749115
3359041063648,2.598374128341675,-1.268410563468933,0.3807793855667114
3359266868832,2.6150803565979004,-1.2729169130325317,0.37985628843307495
3359472036896,2.6330175399780273,-1.28122079372406,0.37910687923431396
3359696198368,2.6515259742736816,-1.2914214134216309,0.3795042335987091
3359913594848,2.671072244644165,-1.3014192581176758,0.38141748309135437
3360138042464,2.691636562347412,-1.3084099292755127,0.3836831748485565
3360341543680,2.713179349899292,-1.3126853704452515,0.3842863142490387
3360569503520,2.7332911491394043,-1.317808985710144,0.3832046389579773
3360959490272,2.7538039684295654,-1.3200088739395142,0.3822416365146637
3361170734880,2.7751617431640625,-1.3199249505996704,0.38287895917892456
3361288612800,2.8009021282196045,-1.3165675401687622,0.3852912485599518
3361508781856,2.827491283416748,-1.2912800312042236,0.38770627975463867
3361718305632,2.855733633041382,-1.2700719833374023,0.38602548837661743
3361917932928,2.8984882831573486,-1.2477989196777344,0.38323017954826355
3362150321696,2.951103687286377,-1.2377568483352661,0.38068220019340515
3362359380384,3.009284019470215,-1.229526162147522,0.3814408481121063
3362563816992,3.072498083114624,-1.219778299331665,0.3830551207065582
3362795684768,3.1404404640197754,-1.2060199975967407,0.38392186164855957
3363010798848,3.214003324508667,-1.1850056648254395,0.38210785388946533
3363230245056,3.2915382385253906,-1.157997727394104,0.38039538264274597
3363445285056,3.37080979347229,-1.1269503831863403,0.37833574414253235
3363665037888,3.4547228813171387,-1.0963598489761353,0.37673917412757874
3363875251776,3.5383172035217285,-1.0669739246368408,0.3755236268043518
3364079287488,3.624244213104248,-1.0385245084762573,0.37452182173728943
3364314100160,3.7103590965270996,-0.9996836185455322,0.3740766942501068
3364531372832,3.7977802753448486,-0.9682229161262512,0.37610188126564026
3364750582272,3.882901430130005,-0.9437128901481628,0.3796142041683197
3364969225664,3.9728803634643555,-0.9143659472465515,0.38970857858657837
3365192898048,4.057405948638916,-0.8855479955673218,0.3995729088783264
3365396935488,4.145106315612793,-0.8569821119308472,0.40429410338401794
3365631251968,4.2396931648254395,-0.8333906531333923,0.4075404703617096
3365852438080,4.325168132781982,-0.8128335475921631,0.41119250655174255
3366055349088,4.414844989776611,-0.7847242951393127,0.4183672070503235
3366269104896,4.511356353759766,-0.7559560537338257,0.4227159917354584
3366513544576,4.6068806648254395,-0.7248397469520569,0.42672231793403625
3366725487168,4.70090389251709,-0.6989988088607788,0.4302384555339813
3366929481696,4.778958320617676,-0.6804052591323853,0.4321613609790802
3367149238688,4.844541549682617,-0.6605639457702637,0.4318574368953705
3367376619616,4.906177520751953,-0.6407775282859802,0.4322030544281006
3367582608288,4.960097312927246,-0.6219694018363953,0.433651864528656
3367809521184,5.007343769073486,-0.6050739884376526,0.4354887306690216
3368030953664,5.055160045623779,-0.586159348487854,0.4380148947238922
3368237473088,5.09911584854126,-0.5713804364204407,0.442770779132843
3368450918112,5.140153408050537,-0.5566943883895874,0.4466676115989685
3368675798080,5.17888879776001,-0.5464678406715393,0.4497845470905304
3368879310912,5.2139081954956055,-0.5366452932357788,0.4526536464691162
3369120593952,5.246060848236084,-0.5269943475723267,0.45579156279563904
3369333718752,5.27666711807251,-0.5180503726005554,0.45822665095329285
3369540373184,5.307281970977783,-0.5096511840820312,0.4600147604942322
3369750652320,5.335822582244873,-0.5017655491828918,0.4617899954319
3369996021504,5.362528324127197,-0.49510157108306885,0.4638971984386444
3370199989216,5.387829303741455,-0.4891755282878876,0.46631500124931335
3370405625024,5.413027286529541,-0.48347362875938416,0.46822643280029297
3370619220768,5.437587738037109,-0.4778789281845093,0.4700060784816742
3371014842240,5.4594197273254395,-0.47366106510162354,0.4713824987411499
3371215101952,5.4803996086120605,-0.46914130449295044,0.47306352853775024
3371336758240,5.506033897399902,-0.4625639319419861,0.47484466433525085
3371560856608,5.526605129241943,-0.4565187096595764,0.47570788860321045
3371770996768,5.546367168426514,-0.45144182443618774,0.4776354134082794
3371992198784,5.565422534942627,-0.4460265040397644,0.4789038300514221
3372189379200,5.584376811981201,-0.4419924318790436,0.48005616664886475
3372413329440,5.601960182189941,-0.43818238377571106,0.48178985714912415
3372639359488,5.618789196014404,-0.4341930150985718,0.4836175739765167
3372865104224,5.635668754577637,-0.43031635880470276,0.4853820502758026
3373062853312,5.6529107093811035,-0.4273373484611511,0.48793473839759827
3373287236576,5.6694464683532715,-0.42430034279823303,0.489881694316864
3373510782720,5.684898853302002,-0.4212976396083832,0.4911670982837677
3373727580384,5.69993782043457,-0.4189646244049072,0.4922596216201782
3373949961408,5.715068340301514,-0.415921688079834,0.49332094192504883
3374162411488,5.73060941696167,-0.4128931760787964,0.4939003586769104
3374389226880,5.745776653289795,-0.41054588556289673,0.4944700300693512
3374624758816,5.759811878204346,-0.40830516815185547,0.4949839413166046
3374825450784,5.774015426635742,-0.4060526192188263,0.49524444341659546
3375051137152,5.788150787353516,-0.40373989939689636,0.4952423870563507
3375277240512,5.802390098571777,-0.4024713337421417,0.4957130253314972
3375489822464,5.816009998321533,-0.40092629194259644,0.4960924983024597
3375702236608,5.828403949737549,-0.39920902252197266,0.49665966629981995
3375916167616,5.838217258453369,-0.39945128560066223,0.4947323799133301
3376152667616,5.845773220062256,-0.40361055731773376,0.49216538667678833
3376356892832,5.851476669311523,-0.41259974241256714,0.49168550968170166
3376560713632,5.8560686111450195,-0.42202743887901306,0.4914964735507965
3376789846752,5.860344409942627,-0.43356746435165405,0.49504539370536804
3376992887168,5.865185260772705,-0.44471466541290283,0.4970519542694092
3377217798528,5.869744300842285,-0.455364853143692,0.49939286708831787
3377437802656,5.878299713134766,-0.46154844760894775,0.5035829544067383
3377666491392,5.88748836517334,-0.46579208970069885,0.5094435811042786
3377869216864,5.898815631866455,-0.46320483088493347,0.5084950923919678
3378103225504,5.915011405944824,-0.4529155492782593,0.5091503858566284
3378310283424,5.9309258460998535,-0.43798601627349854,0.5094088912010193
3378509900864,5.942290306091309,-0.4331127405166626,0.5096779465675354
3378730222144,5.955387592315674,-0.42814892530441284,0.510280966758728
3378956127168,5.976531028747559,-0.4205070436000824,0.5141350626945496
3379184697472,5.990279674530029,-0.41415268182754517,0.5147859454154968
3379377704224,6.002027988433838,-0.4086224436759949,0.5141029357910156
3379608551264,6.011302947998047,-0.4087596535682678,0.5123717784881592
3379817029664,6.019738674163818,-0.4133831262588501,0.5129305124282837
3380029236096,6.027227878570557,-0.42245957255363464,0.5175238251686096
3380248183776,6.036325454711914,-0.4284721612930298,0.5243781805038452
3380467138912,6.047145366668701,-0.4316064715385437,0.533421516418457
3380713678624,6.057557106018066,-0.432579904794693,0.5394920706748962
3381095117920,6.067722797393799,-0.4320092499256134,0.5423908233642578
3381315248320,6.078197956085205,-0.4305059313774109,0.5433615446090698
3381432931072,6.092288017272949,-0.432709276676178,0.5456335544586182
3381656586592,6.102398872375488,-0.42527395486831665,0.546604573726654
3381855197824,6.1126861572265625,-0.42325761914253235,0.5470590591430664
3382085701344,6.12231969833374,-0.421159952878952,0.5474812388420105
3382289628640,6.131650924682617,-0.41910529136657715,0.5477271676063538
3382495171072,6.14052677154541,-0.41768690943717957,0.5481517910957336
3382748201792,6.149157524108887,-0.4165656566619873,0.5489681959152222
3382956575680,6.157622337341309,-0.4159644842147827,0.5492270588874817
3383148959488,6.1655144691467285,-0.4155806601047516,0.549975574016571
3383371869728,6.172817230224609,-0.4156329333782196,0.5503168702125549
3383604216768,6.1804304122924805,-0.4157630503177643,0.5507482290267944
3383809389344,6.188262939453125,-0.4157910645008087,0.5516806840896606
3384015650656,6.1963701248168945,-0.41443756222724915,0.5524260997772217
3384238392448,6.203304290771484,-0.413772851228714,0.5526977181434631
3384464376416,6.210997104644775,-0.41306328773498535,0.5514187812805176
3384687795136,6.219123840332031,-0.41185450553894043,0.5504747629165649
3384900964352,6.22749137878418,-0.40970420837402344,0.5497502088546753
3385117634944,6.236498832702637,-0.4076024293899536,0.5496373176574707
3385316636960,6.2457733154296875,-0.40539807081222534,0.5496743321418762
3385562176512,6.254620552062988,-0.40290558338165283,0.5485832691192627
3385784422816,6.262784957885742,-0.4007014334201813,0.5457611083984375
3385987213376,6.271417140960693,-0.39830633997917175,0.5444182753562927
3386211748416,6.282999515533447,-0.39530739188194275,0.5441007018089294
3386433789920,6.2919721603393555,-0.3945162892341614,0.5424830317497253
3386630912544,6.299533843994141,-0.39533939957618713,0.5414144396781921
3386850692320,6.306679725646973,-0.3966394066810608,0.5408293604850769
3387056661536,6.314260959625244,-0.3976215124130249,0.5418072938919067
3387303222688,6.322495937347412,-0.3987928628921509,0.5437498688697815
3387513424416,6.331484317779541,-0.3991766571998596,0.5454264879226685
3387735892480,6.340306758880615,-0.39919379353523254,0.5462857484817505
3387954330752,6.348665714263916,-0.39965224266052246,0.5462827086448669
3388158429792,6.3549957275390625,-0.4007663130760193,0.5462455153465271
3388384196736,6.361415386199951,-0.40229448676109314,0.5469028353691101
3388619544640,6.368167400360107,-0.4038584530353546,0.5485206842422485
3388842791584,6.374444007873535,-0.4055923521518707,0.5497137308120728
3389050028544,6.3809895515441895,-0.4073403775691986,0.5522348880767822
3389254831200,6.38755989074707,-0.40896809101104736,0.5545700192451477
3389487358752,6.392892360687256,-0.40977320075035095,0.5594514608383179
3389710522144,6.396562576293945,-0.41197291016578674,0.5637500286102295
3389913760992,6.400210857391357,-0.41497084498405457,0.5677297115325928
3390144075360,6.403960704803467,-0.4188584089279175,0.5720734596252441
3390369128160,6.408117294311523,-0.4221465289592743,0.5774763226509094
3390583102496,6.411140441894531,-0.42584240436553955,0.5812751650810242
3390782785920,6.412684917449951,-0.4315018653869629,0.5836907625198364
3391172949760,6.412814140319824,-0.4394257068634033,0.5847813487052917
3391377983104,6.413650989532471,-0.44791606068611145,0.5886531472206116
3391504238240,6.422502517700195,-0.45707252621650696,0.5973514318466187
3391726628544,6.4217000007629395,-0.4594060778617859,0.5995897054672241
3391928275264,6.42778205871582,-0.46022915840148926,0.6033208966255188
3392153806048,6.434240341186523,-0.4594252407550812,0.6055777668952942
3392379025280,6.440446376800537,-0.4581815302371979,0.6076980233192444
3392596060256,6.447244644165039,-0.4558662176132202,0.611115038394928
3392811728992,6.454399585723877,-0.45224326848983765,0.6155070662498474
3393036315264,6.463108062744141,-0.4483446776866913,0.6209184527397156
3393229339232,6.472393035888672,-0.44389474391937256,0.6267312169075012
3393452671904,6.4816813468933105,-0.4399304687976837,0.6327258348464966
3393673730656,6.491043567657471,-0.43446630239486694,0.6364350318908691
3393876438912,6.499814033508301,-0.42817121744155884,0.6370716094970703
3394111231584,6.506625652313232,-0.42565497756004333,0.6352673172950745
3394315166688,6.511969089508057,-0.42582425475120544,0.6343370079994202
3394533888768,6.5157389640808105,-0.4308256208896637,0.6354305148124695
3394752747392,6.519378662109375,-0.4397473931312561,0.6389873623847961
3394951040672,6.521381855010986,-0.4499862790107727,0.6428937315940857
3395187635136,6.5228962898254395,-0.46331825852394104,0.6456050276756287
3395407944768,6.524518966674805,-0.47800132632255554,0.647200345993042
3395628289856,6.528449058532715,-0.4901576638221741,0.6504921317100525
3395829517792,6.534045219421387,-0.49755728244781494,0.6536163687705994
3396071727264,6.541499614715576,-0.5013687610626221,0.6550350785255432
3396273264608,6.550404071807861,-0.501767635345459,0.6562249064445496
3396493793312,6.56028413772583,-0.49938544631004333,0.6553046703338623
3396715337504,6.570281028747559,-0.4946562945842743,0.6517179012298584
3396914598368,6.5803303718566895,-0.488445907831192,0.6473222374916077
3397142590240,6.5905842781066895,-0.4806045889854431,0.6404901742935181
3397364125440,6.6010589599609375,-0.4737589359283447,0.6364584565162659
3397575600736,6.611937522888184,-0.46565255522727966,0.6333779692649841
3397797430528,6.621906280517578,-0.4573391377925873,0.62782883644104
3398009828416,6.629256248474121,-0.45290833711624146,0.6203228831291199
3398237090432,6.637007713317871,-0.45119988918304443,0.615497350692749
3398457778656,6.644231796264648,-0.4509085416793823,0.6137692928314209
3398674585472,6.654295921325684,-0.45216894149780273,0.6152912378311157
3398893957696,6.661137580871582,-0.45327210426330566,0.6149369478225708
3399105356800,6.666784763336182,-0.45751792192459106,0.6141679286956787
3399319535264,6.672935485839844,-0.46156907081604004,0.6149104237556458
3399533177184,6.679505348205566,-0.46307823061943054,0.6165032982826233
3399739365056,6.686389923095703,-0.4633375406265259,0.6184329390525818
3399971600224,6.692889213562012,-0.4612397849559784,0.6192880272865295
3400178959712,6.70064115524292,-0.4587056040763855,0.6197079420089722
3400423881312,6.709010601043701,-0.4533826410770416,0.6193419098854065
3400647698336,6.71619987487793,-0.44922080636024475,0.6195844411849976
3400873603904,6.72149133682251,-0.44761934876441956,0.619319498538971
3401253920288,6.727706432342529,-0.4469281733036041,0.6226677894592285
3401464866272,6.733922958374023,-0.4444544315338135,0.6268293857574463
3401566074848,6.74344539642334,-0.4419180750846863,0.6300608515739441
3401767511104,6.748919486999512,-0.4329109787940979,0.6372498869895935
3401991610336,6.754641532897949,-0.4292498826980591,0.638776421546936
3402206821088,6.7598466873168945,-0.4249768555164337,0.6416943669319153
3402426692640,6.766554355621338,-0.4198487102985382,0.6464605927467346
3402651033376,6.774585247039795,-0.41385364532470703,0.6511034965515137
3402872810752,6.783233642578125,-0.40815815329551697,0.6523366570472717
3403073023296,6.789064884185791,-0.40553441643714905,0.6503793001174927
3403293962976,6.7930145263671875,-0.40524518489837646,0.6488491892814636
3403520453728,6.7970356941223145,-0.4065778851509094,0.6493412852287292
3403741113440,6.801803112030029,-0.40780648589134216,0.6517083644866943
3403950727584,6.807589054107666,-0.4083224833011627,0.6543645858764648
3404175030304,6.811625957489014,-0.41107964515686035,0.6539930105209351
3404382840672,6.81566858291626,-0.4142513573169708,0.6542946696281433
3404601713824,6.820895195007324,-0.4158705174922943,0.6559335589408875
3404820184192,6.8283467292785645,-0.4162379801273346,0.6583366990089417
3405032679200,6.836295127868652,-0.4151332676410675,0.6593122482299805
3405265588512,6.844714164733887,-0.41132521629333496,0.6584369540214539
3405485999456,6.853221893310547,-0.4067423641681671,0.6566696166992188
3405690535456,6.861713886260986,-0.4027169644832611,0.6558547616004944
3405919093024,6.870918273925781,-0.39847567677497864,0.6559885144233704
3406124037216,6.881295680999756,-0.393917441368103,0.656175434589386
3406347758112,6.890009880065918,-0.3907509446144104,0.6555900573730469
3406552464608,6.897658824920654,-0.3891433775424957,0.6545015573501587
3406780246912,6.904263973236084,-0.3890666961669922,0.6545414924621582
3406997135136,6.909792423248291,-0.39057719707489014,0.6590509414672852
3407217911936,6.914397239685059,-0.3937486708164215,0.6632214188575745
3407446769824,6.917935848236084,-0.3966839909553528,0.667838990688324
3407643947040,6.920658111572266,-0.4003540277481079,0.6755481362342834
3407874261280,6.922948837280273,-0.40223708748817444,0.6819555163383484
3408073761216,6.9256696701049805,-0.4051031172275543,0.6896094679832458
3408282377024,6.928384304046631,-0.4068378508090973,0.695624828338623
3408503830848,6.930909156799316,-0.4091949462890625,0.7019443511962891
3408729243232,6.934861183166504,-0.4101928174495697,0.7078153491020203
3408936006944,6.939135551452637,-0.41019436717033386,0.7147498726844788
3409155271200,6.942866325378418,-0.4109190106391907,0.7208036184310913
3409396733408,6.946030616760254,-0.41195446252822876,0.725482165813446
3409616786304,6.9495320320129395,-0.4133247435092926,0.730076789855957
3409808349344,6.953280925750732,-0.4152623414993286,0.7362006306648254
3410037667584,6.956589698791504,-0.41624873876571655,0.7405674457550049
3410239338080,6.959444046020508,-0.41800427436828613,0.7463394403457642
3410466894432,6.961559295654297,-0.4199211299419403,0.7508201599121094
3410693899424,6.962660789489746,-0.4231366813182831,0.7553784847259521
3410917911424,6.963654041290283,-0.4260488450527191,0.7603589296340942
3411290119744,6.964869976043701,-0.4284592568874359,0.7635416984558105
3411493597024,6.9664764404296875,-0.43012094497680664,0.7656813263893127
3411595332480,6.969099998474121,-0.4349415600299835,0.7649245262145996
3411817580736,6.971724510192871,-0.4399474561214447,0.7672009468078613
3412041310528,6.973206043243408,-0.44297367334365845,0.766478419303894
3412265234112,6.975295066833496,-0.4446134865283966,0.7653784155845642
3412473908832,6.97776985168457,-0.4461684226989746,0.7638833522796631
3412701556512,6.980226039886475,-0.447956383228302,0.7621230483055115
3412930963840,6.982562065124512,-0.4502585828304291,0.7611822485923767
3413135459616,6.98552131652832,-0.4535418450832367,0.7607293128967285
3413348300736,6.989566802978516,-0.46329212188720703,0.7611789107322693
3413556268000,6.996993541717529,-0.47740551829338074,0.7645654678344727
3413782075968,7.011104583740234,-0.48956260085105896,0.7691296339035034
3413992525184,7.028439998626709,-0.4990449845790863,0.7721164226531982
3414211963264,7.047780513763428,-0.5074425339698792,0.7736852169036865
3414432148448,7.070524215698242,-0.5157142877578735,0.7757852673530579
3414651842400,7.096169948577881,-0.5232973098754883,0.7780091166496277
3414861515008,7.124159336090088,-0.5283465385437012,0.7814715504646301
3415070688096,7.1571831703186035,-0.5305523872375488,0.7852588891983032
3415293369856,7.193539619445801,-0.5329920053482056,0.7883402705192566
3415495263776,7.231441497802734,-0.5346152782440186,0.7910242676734924
3415716679072,7.269420623779297,-0.5381166338920593,0.7942678928375244
3415931823232,7.307751655578613,-0.5438910126686096,0.7969295382499695
3416155088928,7.344544410705566,-0.5536643266677856,0.799770712852478
3416348793760,7.377782344818115,-0.5665925741195679,0.8019459247589111
3416586003584,7.404238700866699,-0.5829868316650391,0.8025736808776855
3416805122144,7.42919397354126,-0.6031047701835632,0.8028294444084167
3417026544000,7.452208995819092,-0.6279780268669128,0.804085373878479
3417248970432,7.477612495422363,-0.6553031802177429,0.806796133518219
3417477690848,7.5020432472229,-0.6805375814437866,0.8088192939758301
3417683905088,7.531123161315918,-0.7014862298965454,0.8118223547935486
3417889689120,7.564859867095947,-0.7200464606285095,0.8144744038581848
3418098560768,7.602029800415039,-0.735133707523346,0.8169264793395996
3418343106560,7.6406779289245605,-0.7449524402618408,0.8192417621612549
3418544864160,7.680877208709717,-0.7490283250808716,0.8206824660301208
3418753888128,7.725447177886963,-0.752376914024353,0.8229309320449829
3418982829536,7.773199081420898,-0.7546693086624146,0.8244367241859436
3419210287168,7.816937446594238,-0.7571123242378235,0.8260215520858765
3419424305344,7.859217166900635,-0.760644793510437,0.828025221824646
3419665860736,7.901911735534668,-0.7690267562866211,0.830208420753479
3419867580608,7.939745903015137,-0.7787396311759949,0.832571268081665
3420106571072,7.977112770080566,-0.7919946312904358,0.8353499174118042
3420317693952,8.013550758361816,-0.8067542314529419,0.8388628363609314
3420516175104,8.047741889953613,-0.8219103217124939,0.8423734307289124
3420727559232,8.080780029296875,-0.8380626440048218,0.8460618853569031
3420953073408,8.111804962158203,-0.855648398399353,0.8479214310646057
3421330762304,8.14388370513916,-0.8727051615715027,0.8508577942848206
3421552807744,8.180438041687012,-0.8881457448005676,0.8536746501922607
3421655758080,8.227638244628906,-0.904569685459137,0.8583393692970276
3421868393824,8.269587516784668,-0.9113099575042725,0.8610259890556335
3422100772512,8.309625625610352,-0.9211980104446411,0.8624604344367981
3422305671136,8.347663879394531,-0.9288151860237122,0.8639329075813293
3422532105632,8.391090393066406,-0.9343206286430359,0.8674269318580627
3422736027936,8.435856819152832,-0.9336257576942444,0.8700434565544128
3422960971488,8.479208946228027,-0.9332559108734131,0.8714845180511475
3423178712192,8.523477554321289,-0.9364885091781616,0.871389627456665
3423406915392,8.567304611206055,-0.9408231377601624,0.8733705282211304
3423608954624,8.619933128356934,-0.9489336013793945,0.8783866763114929
3423843450208,8.68173599243164,-0.9657264351844788,0.8905254602432251
3424037142144,8.745110511779785,-0.9917474389076233,0.9027363657951355
3424286556800,8.813725471496582,-1.0207362174987793,0.9142946600914001
3424492182464,8.881455421447754,-1.0538421869277954,0.9247928857803345
3424711410080,8.94736099243164,-1.0836652517318726,0.9324257969856262
3424913121440,9.01169204711914,-1.1121004819869995,0.9391198754310608
3425121063680,9.086565971374512,-1.1491488218307495,0.9477277994155884
3425346589888,9.164813041687012,-1.1769993305206299,0.9536328315734863
3425587628864,9.243022918701172,-1.1953517198562622,0.9595604538917542
3425806407104,9.3261137008667,-1.2238346338272095,0.9672207236289978
3426007322976,9.415351867675781,-1.2503849267959595,0.9757801294326782
3426245735040,9.506101608276367,-1.2756006717681885,0.9845615029335022
3426451923936,9.593317031860352,-1.3001240491867065,0.9929660558700562
3426677136672,9.675023078918457,-1.3224506378173828,1.0015549659729004
3426895662400,9.743826866149902,-1.3376160860061646,1.005079984664917
3427105932064,9.80403995513916,-1.3547909259796143,1.0085111856460571
3427335239872,9.860671997070312,-1.371963381767273,1.0082566738128662
3427556167008,9.911404609680176,-1.3932877779006958,1.005231499671936
3427771120480,9.962152481079102,-1.4181115627288818,1.0034465789794922
3427989983200,10.008261680603027,-1.4448585510253906,0.9994638562202454
3428206472864,10.056252479553223,-1.4649425745010376,0.9953928589820862
3428428202304,10.100420951843262,-1.4822918176651,0.9881899356842041
3428643531584,10.140159606933594,-1.4992749691009521,0.9782400131225586
3428856166880,10.178101539611816,-1.5154343843460083,0.9676330089569092
3429067903136,10.19594669342041,-1.5202524662017822,0.9563443660736084
3429293378912,10.201736450195312,-1.519880771636963,0.9442757368087769
3429508830656,10.230057716369629,-1.5319464206695557,0.9351924061775208
3429733232672,10.225892066955566,-1.5347459316253662,0.9252920150756836
3429956404800,10.23886775970459,-1.5450624227523804,0.9180059432983398
3430158253856,10.247698783874512,-1.5508936643600464,0.90906822681427
3430374735520,10.271658897399902,-1.5651130676269531,0.9027683734893799
3430582797440,10.294838905334473,-1.5806639194488525,0.895910918712616
3430809937696,10.321476936340332,-1.5903912782669067,0.8914840817451477
3431014309248,10.344792366027832,-1.5967133045196533,0.8883992433547974
3431290240288,10.367037773132324,-1.6010818481445312,0.8880318403244019
3431509826592,10.389549255371094,-1.6036827564239502,0.886951208114624
3431728795392,10.414421081542969,-1.6003808975219727,0.8831331729888916
3431951299040,10.432032585144043,-1.5936779975891113,0.8784696459770203
3432177831104,10.447249412536621,-1.5826829671859741,0.8746842741966248
3432381484640,10.462499618530273,-1.5702227354049683,0.8717148303985596
3432611988288,10.477492332458496,-1.557256817817688,0.8696947693824768
3432815223424,10.494638442993164,-1.5456069707870483,0.8674889802932739
3433036971872,10.511943817138672,-1.5367484092712402,0.866122841835022
3433248520320,10.530006408691406,-1.5302904844284058,0.863490641117096
3433470850176,10.549704551696777,-1.5271929502487183,0.8627748489379883
3433689503520,10.568327903747559,-1.5248774290084839,0.8646754622459412
3433893363872,10.586243629455566,-1.5216772556304932,0.8658051490783691
3434124233856,10.60305404663086,-1.5187921524047852,0.8674609661102295
3434326998368,10.618972778320312,-1.517603874206543,0.869576096534729
3434532869120,10.635472297668457,-1.5166871547698975,0.873216986656189
3434760736736,10.653111457824707,-1.5159924030303955,0.8804712295532227
3434984761568,10.683000564575195,-1.518689513206482,0.8916555643081665
3435209773024,10.725737571716309,-1.516137957572937,0.9051416516304016
3435430884064,10.779186248779297,-1.5083152055740356,0.9203699827194214
3435604433024,10.841486930847168,-1.5002319812774658,0.9330683350563049
3435767585536,10.905024528503418,-1.4902188777923584,0.9419492483139038
3436002355296,10.993721008300781,-1.478320837020874,0.9522356986999512
3436236746176,11.075384140014648,-1.4576878547668457,0.9569770097732544
3436473450112,11.163386344909668,-1.4313732385635376,0.9599905014038086
3436728793184,11.255809783935547,-1.401917815208435,0.9604889154434204
3436950993088,11.348422050476074,-1.3652421236038208,0.9627813696861267
3437197948192,11.44035816192627,-1.3279213905334473,0.9661279916763306
3437446354016,11.527442932128906,-1.2860190868377686,0.9709609150886536
3437677220448,11.615157127380371,-1.2447634935379028,0.978961169719696
3437915629184,11.706921577453613,-1.2012494802474976,0.9877763390541077
3438159125888,11.803244590759277,-1.1567944288253784,0.9999707341194153
3438396637952,11.896509170532227,-1.1135412454605103,1.0120463371276855
3438632572832,11.979876518249512,-1.0687744617462158,1.0211557149887085
3438874074912,12.059001922607422,-1.0319527387619019,1.0268803834915161
3439122775488,12.123811721801758,-0.9981440901756287,1.0300065279006958
3439358373760,12.177647590637207,-0.9722849130630493,1.0345839262008667
3439593402816,12.225377082824707,-0.9548797607421875,1.0438770055770874
3439831256768,12.2686128616333,-0.9401951432228088,1.0511348247528076
3440075542048,12.309430122375488,-0.9282897114753723,1.0577348470687866
3440324881152,12.350151062011719,-0.9215120077133179,1.0629401206970215
3440558102304,12.390985488891602,-0.9148548245429993,1.06569242477417
3440811946912,12.431924819946289,-0.9109534621238708,1.066821575164795
3441115643104,12.469687461853027,-0.9084559082984924,1.0649877786636353
3441347552512,12.507954597473145,-0.9044982194900513,1.060366153717041
3441511251200,12.545469284057617,-0.8958494067192078,1.0542351007461548
3441752705568,12.583962440490723,-0.8813989162445068,1.0492753982543945
3441990847136,12.610138893127441,-0.8372499346733093,1.0458143949508667
3442246943840,12.623113632202148,-0.7672706246376038,1.0407052040100098
3442473780320,12.630213737487793,-0.6865981817245483,1.028995156288147
3442729354176,12.635483741760254,-0.591904878616333,1.0113469362258911
3442955346752,12.628560066223145,-0.5077260732650757,0.9913955926895142
3443191902080,12.631967544555664,-0.41013413667678833,0.9722068905830383
3443444826400,12.650786399841309,-0.30789312720298767,0.9573246836662292
3443673719872,12.679032325744629,-0.203148752450943,0.9455327391624451
3443929921056,12.715141296386719,-0.09713492542505264,0.934191882610321
3444164777600,12.755478858947754,0.004202672746032476,0.9233120679855347
3444397339680,12.808170318603516,0.10731687396764755,0.9167138934135437
3444627536672,12.859796524047852,0.19844664633274078,0.9133105278015137
3444887604224,12.90523624420166,0.2717086672782898,0.9080404043197632
3445113879744,12.947797775268555,0.33227071166038513,0.9044142961502075
3445365727296,12.988655090332031,0.38808101415634155,0.9031367897987366
3445610454560,13.022712707519531,0.42911645770072937,0.9027791023254395
3445847292064,13.052885055541992,0.46667343378067017,0.9047573208808899
3446079929792,13.079998016357422,0.5010772347450256,0.9085695147514343
3446308282176,13.105175971984863,0.5263115167617798,0.9131396412849426
3446555662400,13.132532119750977,0.5482351779937744,0.9158987402915955
3446805324224,13.157444953918457,0.5688590407371521,0.9143387079238892
3447040858176,13.181036949157715,0.5871898531913757,0.9096007347106934
3447294216032,13.201610565185547,0.6045418381690979,0.9016786813735962
3447522413792,13.225998878479004,0.6166226863861084,0.8904140591621399
3447776603264,13.251368522644043,0.6250887513160706,0.8770171403884888
3447992369792,13.277235984802246,0.6314478516578674,0.8622869253158569
3448231333376,13.305091857910156,0.634602427482605,0.8464776873588562
3448484932064,13.336926460266113,0.6371065974235535,0.8299404978752136
3448720741856,13.366419792175293,0.6420262455940247,0.8136141896247864
3449002859872,13.393057823181152,0.6488702893257141,0.7951763272285461
3449331144608,13.4190092086792,0.658686637878418,0.7747110724449158
3449570033600,13.442034721374512,0.6696343421936035,0.7552147507667542
3449773660768,13.460258483886719,0.6803224682807922,0.7372134923934937
3449985342400,13.478659629821777,0.6912962794303894,0.7185946106910706
3450230370784,13.497457504272461,0.7008174657821655,0.6994664669036865
3450431149024,13.515795707702637,0.7106468677520752,0.6823757290840149
3450659015264,13.531143188476562,0.7169927358627319,0.6636528968811035
3450876311296,13.551830291748047,0.7226424813270569,0.6482223272323608
3451105953920,13.573176383972168,0.7299507260322571,0.6360849142074585
3451577076992,13.593510627746582,0.7359824180603027,0.6246305108070374
3451703736736,13.61128044128418,0.7433284521102905,0.6143539547920227
3451814854912,13.633378028869629,0.7577556371688843,0.5979333519935608
3452015375456,13.64995002746582,0.7663370966911316,0.5864225029945374
3452263118656,13.664376258850098,0.7735426425933838,0.5739491581916809
3452465816480,13.678711891174316,0.7796577215194702,0.5611529350280762
3452691823840,13.690055847167969,0.7896007299423218,0.5495074391365051
3452893073568,13.698648452758789,0.797618567943573,0.5394385457038879
3453115517280,13.702220916748047,0.8061142563819885,0.5279500484466553
3453333566016,13.705483436584473,0.8159503936767578,0.5147914290428162
3453553733856,13.709144592285156,0.8245949745178223,0.5011089444160461
3453767116480,13.713398933410645,0.8323057293891907,0.4887244403362274
3453988800576,13.720686912536621,0.8390662670135498,0.47586560249328613
3454205402240,13.729747772216797,0.8455238342285156,0.4642103612422943
3454424103552,13.740723609924316,0.853355348110199,0.4534163773059845
3454630774208,13.753454208374023,0.8629165291786194,0.44406619668006897
3454854296384,13.763482093811035,0.8724449276924133,0.4367870092391968
3455061726080,13.770084381103516,0.8806119561195374,0.4289257526397705
3455282254336,13.774943351745605,0.8890105485916138,0.42063891887664795
3455521752032,13.776158332824707,0.8963530659675598,0.41085222363471985
3455728608544,13.775504112243652,0.9037920236587524,0.40175601840019226
3455947444608,13.773868560791016,0.9086562395095825,0.39070209860801697
3456190070240,13.77108097076416,0.9116104245185852,0.3789280951023102
3456385595648,13.766996383666992,0.9152661561965942,0.36778590083122253
3456606695968,13.762328147888184,0.918483555316925,0.3563228249549866
3456828765728,13.757593154907227,0.9226276874542236,0.34648841619491577
3457045749920,13.752582550048828,0.926699161529541,0.33695170283317566
3457265542304,13.747200012207031,0.92906653881073,0.3261391520500183
3457484718592,13.742789268493652,0.9326107501983643,0.31542110443115234
3457708800992,13.738905906677246,0.9376384615898132,0.30595701932907104
3457913801056,13.7337007522583,0.9420639276504517,0.2976926863193512
3458145003872,13.727350234985352,0.9454869031906128,0.2889733612537384
3458347814592,13.721735954284668,0.9494727849960327,0.2782250642776489
3458551023008,13.717177391052246,0.9540718793869019,0.26735353469848633
3458784261056,13.711490631103516,0.960405707359314,0.2592754364013672
3458990968928,13.704010009765625,0.9665350914001465,0.2533533275127411
3459215671840,13.696090698242188,0.9724060297012329,0.24748265743255615
3459426283104,13.688865661621094,0.9782862067222595,0.2407827228307724
3459667310176,13.681412696838379,0.9859867095947266,0.2347400039434433
3459870725056,13.67381763458252,0.9927815794944763,0.22857250273227692
3460082763936,13.667953491210938,0.9989070892333984,0.22238457202911377
3460315425920,13.661396980285645,1.0071210861206055,0.2193020135164261
3460528655104,13.654183387756348,1.017028570175171,0.217254638671875
3460751067552,13.647753715515137,1.0266573429107666,0.21488484740257263
3460972660992,13.64278507232666,1.0338391065597534,0.21245095133781433
3461191384608,13.636544227600098,1.040303349494934,0.21213604509830475
3461577533760,13.628141403198242,1.0481005907058716,0.2131936103105545
3461805053184,13.617876052856445,1.0574462413787842,0.21351203322410583
3461908599872,13.608216285705566,1.0675886869430542,0.21263180673122406
3462143894560,13.600831031799316,1.0766037702560425,0.21247784793376923
3462348149984,13.592367172241211,1.0837676525115967,0.21123555302619934
3462570237024,13.582653999328613,1.090706467628479,0.20999832451343536
3462780934816,13.572235107421875,1.0984371900558472,0.20967969298362732
3463005710240,13.562759399414062,1.1072502136230469,0.20818275213241577
3463207754560,13.554779052734375,1.1149277687072754,0.20531083643436432
3463447102752,13.54617977142334,1.12187659740448,0.20184661448001862
3463671051296,13.535913467407227,1.1289421319961548,0.1985969841480255
3463876850464,13.526030540466309,1.1362152099609375,0.1958789825439453
3464104285600,13.517457962036133,1.143263816833496,0.19285105168819427
3464320162080,13.508767127990723,1.1507879495620728,0.18955208361148834
3464531093536,13.500240325927734,1.1596531867980957,0.1859390139579773
3464743548672,13.489975929260254,1.1682507991790771,0.18177132308483124
3464955084064,13.478352546691895,1.1741827726364136,0.17927078902721405
3465171588672,13.46640682220459,1.180161714553833,0.1763915717601776
3465392173600,13.457986831665039,1.1878589391708374,0.1734287440776825
3465629441888,13.453186988830566,1.1961950063705444,0.1688465178012848
3465836990176,13.4489107131958,1.2065132856369019,0.1649349480867386
3466052331680,13.444923400878906,1.2195165157318115,0.16263747215270996
3466264806688,13.444191932678223,1.234732985496521,0.16012458503246307
3466492930528,13.446080207824707,1.2512468099594116,0.1566469669342041
3466711210688,13.446510314941406,1.2689933776855469,0.15507428348064423
3466927322112,13.441957473754883,1.288511037826538,0.15617364645004272
3467156293888,13.434210777282715,1.305340051651001,0.15707361698150635
3467376764768,13.427091598510742,1.3174934387207031,0.15455852448940277
3467583592736,13.419622421264648,1.3272387981414795,0.15084193646907806
3467807817504,13.410359382629395,1.338644027709961,0.14850156009197235
3468022439040,13.400059700012207,1.3485156297683716,0.14506027102470398
3468231492928,13.390280723571777,1.355272650718689,0.1388615518808365
3468463615008,13.379252433776855,1.3586376905441284,0.1356886476278305
3468669438528,13.367846488952637,1.361509084701538,0.1342652440071106
3468897919456,13.357301712036133,1.3658486604690552,0.13238151371479034
3469113334208,13.347085952758789,1.3699697256088257,0.1292717605829239
3469330364768,13.33675479888916,1.37062406539917,0.1269449144601822
3469551765472,13.323575019836426,1.3703359365463257,0.1255616992712021
3469768628576,13.311092376708984,1.372817873954773,0.12420912086963654
3469989499648,13.299842834472656,1.3754245042800903,0.12144074589014053
3470205449408,13.288200378417969,1.3833624124526978,0.11691361665725708
3470405289952,13.279013633728027,1.388482689857483,0.11126693338155746
3470623048096,13.267667770385742,1.3943604230880737,0.11033710092306137
3470837030176,13.253957748413086,1.4018892049789429,0.1102837398648262
3471061757248,13.24197769165039,1.4117810726165771,0.10917609184980392
3471284276256,13.2243070602417,1.4274303913116455,0.10586722195148468
3471688288000,13.189837455749512,1.4336491823196411,0.10217772424221039
3471889692064,13.147852897644043,1.4344606399536133,0.09673480689525604
3472011145600,13.086525917053223,1.4258172512054443,0.08476623147726059
3472229923552,13.038715362548828,1.4267297983169556,0.0750197097659111
3472448535936,12.978103637695312,1.422273874282837,0.06518486887216568
3472654584448,12.919774055480957,1.4169143438339233,0.052796442061662674
3472873491552,12.856307029724121,1.4123780727386475,0.037765756249427795
3473090494336,12.794112205505371,1.4049501419067383,0.02666812762618065
3473295956448,12.727158546447754,1.4022608995437622,0.017299406230449677
3473514623104,12.655516624450684,1.4003806114196777,0.008785506710410118
3473736143520,12.5849027633667,1.3969632387161255,0.0003170624258928001
3473961530592,12.517685890197754,1.3864045143127441,-0.009647093713283539
3474183813952,12.435235023498535,1.3770800828933716,-0.022536292672157288
3474388215488,12.32833194732666,1.3710448741912842,-0.036324016749858856
3474597220736,12.213418960571289,1.364660620689392,-0.05752220004796982
3474826655968,12.1009521484375,1.3550488948822021,-0.08126664161682129
3475030240480,11.987161636352539,1.3420072793960571,-0.09869847446680069
3475267303584,11.858708381652832,1.3247380256652832,-0.1157788410782814
3475467039104,11.727578163146973,1.311165452003479,-0.12936332821846008
3475694940928,11.593935012817383,1.2928025722503662,-0.143218532204628
3475904278816,11.450122833251953,1.2768744230270386,-0.15822361409664154
3476108444544,11.31440258026123,1.269142985343933,-0.17001304030418396
3476327578912,11.17400074005127,1.2598578929901123,-0.18111339211463928
3476549414624,11.02592945098877,1.2523138523101807,-0.19365350902080536
3476749269056,10.882299423217773,1.2455459833145142,-0.20584088563919067
3476975309344,10.73847484588623,1.2391726970672607,-0.22053588926792145
3477195795904,10.594110488891602,1.229985237121582,-0.24034394323825836
3477402848832,10.448810577392578,1.2138930559158325,-0.2615141272544861
3477626914272,10.301605224609375,1.2005270719528198,-0.28104010224342346
3477828428128,10.1517972946167,1.1899484395980835,-0.30080896615982056
3478063848832,10.011539459228516,1.1801376342773438,-0.3204571008682251
3478281903104,9.870681762695312,1.1708606481552124,-0.33994972705841064
3478474330560,9.723723411560059,1.1574113368988037,-0.35775142908096313
3478703147680,9.576484680175781,1.1399725675582886,-0.37461501359939575
3478928601824,9.426833152770996,1.1252806186676025,-0.3915450870990753
3479143701472,9.281826972961426,1.114548683166504,-0.4094081223011017
3479351606720,9.13364028930664,1.1025429964065552,-0.4274035096168518
3479557157280,8.993446350097656,1.0910485982894897,-0.44402995705604553
3479783578752,8.8454008102417,1.0779991149902344,-0.4638802707195282
3480002491488,8.697517395019531,1.0664771795272827,-0.4840376675128937
3480219839904,8.549271583557129,1.056133508682251,-0.5042545199394226
3480456247840,8.396709442138672,1.0464515686035156,-0.5260422229766846
3480675395808,8.242816925048828,1.0318853855133057,-0.5473325848579407
3480875294528,8.088730812072754,1.0156786441802979,-0.5670753717422485
3481100214048,7.937858581542969,0.9989559054374695,-0.5856198072433472
3481320873184,7.789842128753662,0.982578694820404,-0.6060511469841003
3481691339424,7.644810676574707,0.9747225642204285,-0.6287522315979004
3481914563936,7.494002819061279,0.9670009016990662,-0.6501210331916809
3482030240768,7.302013397216797,0.9546639323234558,-0.6693003177642822
3482230556704,7.153470993041992,0.9576109647750854,-0.6962281465530396
3482461469504,7.00078010559082,0.9494211673736572,-0.7141579389572144
3482661184192,6.853338718414307,0.9317591190338135,-0.7305996417999268
3482903235200,6.704686164855957,0.9246044158935547,-0.7509499192237854
3483107260544,6.553562164306641,0.9126030802726746,-0.7704817652702332
3483321615360,6.402229309082031,0.8973556756973267,-0.7933807373046875
3483551467552,6.245114326477051,0.8808209300041199,-0.8140701055526733
3483774353856,6.100817680358887,0.8630251884460449,-0.8375444412231445
3483993072096,5.946922779083252,0.8437678813934326,-0.8588451743125916
3484192168992,5.793201446533203,0.825189471244812,-0.8793443441390991
3484413329824,5.639223098754883,0.8103799223899841,-0.8988180756568909
3484643282912,5.482272148132324,0.7919839024543762,-0.9164007306098938
3484845788096,5.327884674072266,0.7829441428184509,-0.934272050857544
3485066560992,5.1735405921936035,0.767288863658905,-0.9552167654037476
3485284110592,5.013365745544434,0.7535935044288635,-0.9786845445632935
3485507033952,4.861286163330078,0.748187243938446,-1.0022997856140137
3485721001696,4.701944828033447,0.7360600829124451,-1.0262513160705566
3485949673216,4.5519328117370605,0.7243891358375549,-1.0445488691329956
3486158517888,4.42583703994751,0.7227087020874023,-1.056369662284851
3486383096320,4.306090831756592,0.7049815058708191,-1.0563995838165283
3486592982592,4.196178436279297,0.6762983798980713,-1.0682082176208496
3486811656448,4.083073616027832,0.6521182060241699,-1.0779633522033691
3487030003424,3.996096611022949,0.6491345763206482,-1.0896692276000977
3487262131744,3.9049298763275146,0.6379013061523438,-1.106170654296875
3487461585824,3.8101203441619873,0.6274023652076721,-1.126865267753601
3487691046848,3.716045379638672,0.6181962490081787,-1.1471506357192993
3487899557152,3.619270086288452,0.6098010540008545,-1.1699377298355103
3488103233312,3.523660182952881,0.5991303324699402,-1.1904460191726685
3488325148000,3.4239532947540283,0.582247257232666,-1.2075978517532349
3488549047840,3.326122760772705,0.5618727803230286,-1.2222893238067627
3488768685024,3.2320218086242676,0.5425447225570679,-1.2325931787490845
3488987506464,3.131121873855591,0.5146074295043945,-1.2354799509048462
3489206502848,3.0219953060150146,0.4858860373497009,-1.2365546226501465
3489414034400,2.919093370437622,0.45952436327934265,-1.2405896186828613
3489640736448,2.8232150077819824,0.4311031401157379,-1.2480462789535522
3489854714592,2.7284185886383057,0.4011644423007965,-1.2578483819961548
3490088802656,2.632228374481201,0.3691158592700958,-1.269881010055542
3490315599104,2.5332534313201904,0.3356017470359802,-1.2803866863250732
3490514424288,2.4388835430145264,0.2994430661201477,-1.290196180343628
3490742991488,2.3384783267974854,0.2593429386615753,-1.2965466976165771
3490954048768,2.245541572570801,0.22308433055877686,-1.3044579029083252
3491169058336,2.153456211090088,0.186116024851799,-1.310941457748413
3491394805632,2.0568811893463135,0.1479448825120926,-1.3161969184875488
3491771422272,1.9594907760620117,0.11040085554122925,-1.3221864700317383
3491986237600,1.8597853183746338,0.07759617269039154,-1.3274551630020142
3492086249952,1.741334080696106,0.03993970528244972,-1.3302897214889526
3492307449984,1.6719489097595215,0.011016100645065308,-1.3398864269256592
3492534506560,1.6115808486938477,-0.01849634014070034,-1.3412346839904785
3492758027424,1.5627169609069824,-0.04319019615650177,-1.3379212617874146
3492970152960,1.5162315368652344,-0.06862867623567581,-1.3328735828399658
3493191026592,1.4737262725830078,-0.09176155179738998,-1.3278316259384155
3493412949536,1.435671329498291,-0.11386790871620178,-1.3258224725723267
3493624561632,1.4039174318313599,-0.13471676409244537,-1.3249961137771606
3493831225888,1.3744500875473022,-0.15478557348251343,-1.3268376588821411
3494064948160,1.3510574102401733,-0.17193317413330078,-1.3292773962020874
3494281871328,1.3321043252944946,-0.1889023780822754,-1.3335691690444946
3494504007744,1.3145538568496704,-0.21033382415771484,-1.3431580066680908
3494722876352,1.2953842878341675,-0.2333252727985382,-1.3545668125152588
3494951007200,1.278504729270935,-0.25214073061943054,-1.3606404066085815
3495155134880,1.2640109062194824,-0.27079451084136963,-1.3657104969024658
3495384830944,1.2499274015426636,-0.2907094955444336,-1.3736299276351929
3495585154368,1.2378253936767578,-0.30739277601242065,-1.3806192874908447
3495814338176,1.2220343351364136,-0.32278427481651306,-1.3848174810409546
3496014175232,1.2030718326568604,-0.3388928771018982,-1.3849589824676514
3496226652448,1.188499093055725,-0.3530157804489136,-1.3844128847122192
3496453529056,1.1805408000946045,-0.3670820891857147,-1.3871768712997437
3496676305632,1.1726173162460327,-0.3804453909397125,-1.3939951658248901
3496875483776,1.1565642356872559,-0.39222633838653564,-1.4007917642593384
3497127891808,1.1361390352249146,-0.40174469351768494,-1.4045844078063965
3497311738560,1.117847204208374,-0.41011783480644226,-1.4079325199127197
3497534818976,1.102401852607727,-0.418457567691803,-1.4127132892608643
3497758826528,1.0853900909423828,-0.4256695508956909,-1.4161655902862549
3497987898240,1.0660297870635986,-0.43002110719680786,-1.4181492328643799
3498190175776,1.0436882972717285,-0.4357636272907257,-1.4200626611709595
3498413300384,1.0207222700119019,-0.44464632868766785,-1.4209705591201782
3498644313440,0.9981880784034729,-0.4529727101325989,-1.419144868850708
3498847583360,0.9782906174659729,-0.4600445628166199,-1.4175987243652344
3499068749408,0.95756596326828,-0.4654048979282379,-1.4183707237243652
3499295360960,0.9335705041885376,-0.47370344400405884,-1.4212111234664917
3499515378400,0.9128537178039551,-0.48335590958595276,-1.4208858013153076
3499712686432,0.8950242400169373,-0.4932346045970917,-1.4187445640563965
3499944309024,0.8764858841896057,-0.5029888153076172,-1.4179704189300537
3500152983808,0.8556916117668152,-0.5111692547798157,-1.4196721315383911
3500352464608,0.8376889824867249,-0.5177799463272095,-1.423938274383545
3500585358976,0.8212965726852417,-0.5256568193435669,-1.4284921884536743
3500784489824,0.804611086845398,-0.5350332856178284,-1.4304523468017578
3501021882080,0.786677360534668,-0.5436014533042908,-1.432496190071106
3501221128960,0.7661305069923401,-0.5517018437385559,-1.435463309288025
3501446957312,0.7428457736968994,-0.5591234564781189,-1.4370090961456299
3501828529536,0.7232512831687927,-0.5650432705879211,-1.4382506608963013
3502047500192,0.7089895606040955,-0.5698104500770569,-1.4422383308410645
3502168904352,0.6886832118034363,-0.5802651643753052,-1.4474600553512573
3502372356544,0.6661754846572876,-0.5884326100349426,-1.4530930519104004
3502589715264,0.6456445455551147,-0.5930723547935486,-1.4561320543289185
3502805590720,0.63160640001297,-0.5985073447227478,-1.4612765312194824
3503041680928,0.60999995470047,-0.6032673120498657,-1.4632824659347534
3503260434016,0.5803267955780029,-0.6056171655654907,-1.4662585258483887
3503490768128,0.5523096919059753,-0.6054304242134094,-1.4690563678741455
3503693272864,0.5260215997695923,-0.6058362722396851,-1.4728469848632812
3503903527840,0.50389164686203,-0.6058595180511475,-1.4794762134552002
3504119708960,0.4820152521133423,-0.6008168458938599,-1.4883301258087158
3504327262144,0.4621783494949341,-0.5993412733078003,-1.4955726861953735
3504539774912,0.4390924870967865,-0.601914644241333,-1.4978386163711548
3504761815808,0.41436803340911865,-0.6048343777656555,-1.4981348514556885
3504970056608,0.3920215368270874,-0.5890132784843445,-1.5127474069595337
3505185877088,0.370153546333313,-0.5893653631210327,-1.5170902013778687
3505407347616,0.34757131338119507,-0.5897044539451599,-1.5197199583053589
3505625610208,0.3247557580471039,-0.6104832887649536,-1.5137633085250854
3505847835552,0.3034684956073761,-0.620834231376648,-1.512781023979187
3506068606080,0.28260189294815063,-0.6224437355995178,-1.5142678022384644
3506288730112,0.26094916462898254,-0.6272210478782654,-1.515084981918335
3506507957568,0.24444711208343506,-0.6374320387840271,-1.5116139650344849
3506749203360,0.2293207198381424,-0.6433038115501404,-1.5090428590774536
3506953722944,0.21538260579109192,-0.6468624472618103,-1.5124839544296265
3507164120480,0.20183832943439484,-0.6567513942718506,-1.513317346572876
3507382983456,0.19558556377887726,-0.6643414497375488,-1.511030673980713
3507585489536,0.18726690113544464,-0.6631593704223633,-1.510132908821106
3507813829344,0.1791776865720749,-0.6579505801200867,-1.5069538354873657
3508014446656,0.17111818492412567,-0.6462807655334473,-1.5026589632034302
3508233649280,0.16391564905643463,-0.6298560500144958,-1.5021955966949463
3508451530400,0.15315793454647064,-0.6076248288154602,-1.512782335281372
3508682991776,0.14180240035057068,-0.587456226348877,-1.5245537757873535
3508906024640,0.13681618869304657,-0.5732013583183289,-1.5303826332092285
3509114529088,0.14643770456314087,-0.5655606985092163,-1.5298012495040894
3509333607008,0.16357530653476715,-0.5672037601470947,-1.5301344394683838
3509548916288,0.1746508777141571,-0.5800573825836182,-1.5308438539505005
3509765930272,0.17905327677726746,-0.6001722812652588,-1.5302599668502808
3509979267072,0.18288125097751617,-0.6194376349449158,-1.5293948650360107
3510223920096,0.19232307374477386,-0.6322442293167114,-1.532335877418518
3510441121984,0.20600609481334686,-0.6377726793289185,-1.5373114347457886
3510657198720,0.21659661829471588,-0.632409930229187,-1.5464200973510742
3510863134048,0.22467058897018433,-0.6221490502357483,-1.5587338209152222
3511083870144,0.2360662966966629,-0.6066292524337769,-1.5752760171890259
3511302459040,0.24685727059841156,-0.5855068564414978,-1.5936130285263062
3511546599680,0.255498468875885,-0.5599640607833862,-1.6056733131408691
3511910678528,0.26828011870384216,-0.5289549827575684,-1.6139148473739624
3512134520320,0.2831498384475708,-0.4931447505950928,-1.6246103048324585
3512235717248,0.29418113827705383,-0.4443720877170563,-1.6328659057617188
3512480434304,0.30391180515289307,-0.4072664678096771,-1.6213232278823853
3512680388416,0.2945459485054016,-0.3689570128917694,-1.634954571723938
3512872898816,0.29044032096862793,-0.32978206872940063,-1.6235686540603638
3513108916352,0.2898225784301758,-0.2989346981048584,-1.6042900085449219
3513327432832,0.28524911403656006,-0.2734382152557373,-1.586349606513977
3513544618176,0.27632588148117065,-0.24746665358543396,-1.5708398818969727
3513743266336,0.26648852229118347,-0.22328723967075348,-1.558118462562561
3513964636832,0.2601216733455658,-0.20259955525398254,-1.548255205154419
3514179535648,0.25712329149246216,-0.1857934445142746,-1.5433613061904907
3514415071776,0.25442102551460266,-0.16608218848705292,-1.5411514043807983
3514636828672,0.24743124842643738,-0.14678575098514557,-1.542132019996643
3514848397280,0.24244283139705658,-0.12156278640031815,-1.5483466386795044
3515048026848,0.24063052237033844,-0.09878478199243546,-1.5592089891433716
3515264454144,0.2401934415102005,-0.07873047888278961,-1.5688940286636353
3515489244096,0.24093562364578247,-0.06360930949449539,-1.5766674280166626
3515709021344,0.2428353726863861,-0.05234425514936447,-1.5861411094665527
3515940021408,0.25139403343200684,-0.029605388641357422,-1.5987250804901123
3516149834144,0.24043771624565125,-0.023066096007823944,-1.6084003448486328
3516354464480,0.2372203767299652,-0.013814746402204037,-1.6121463775634766
3516591197792,0.24057772755622864,-0.009685976430773735,-1.6128002405166626
3516809319008,0.2459219992160797,-0.004055269528180361,-1.614542007446289
3517031488288,0.2442527562379837,0.0036913342773914337,-1.6165825128555298
3517238658720,0.24018289148807526,0.00889041367918253,-1.6164207458496094
3517444720512,0.2397039234638214,0.013542871922254562,-1.6161938905715942
3517668145728,0.24170368909835815,0.01902528665959835,-1.6162726879119873
3517870440544,0.2412116527557373,0.022658731788396835,-1.6140978336334229
3518104320352,0.23877893388271332,0.02527225948870182,-1.6105847358703613
3518325000384,0.2358182668685913,0.030684294179081917,-1.608474850654602
3518525254496,0.23374000191688538,0.037033580243587494,-1.6085424423217773
3518748397248,0.23239527642726898,0.03911268711090088,-1.6076252460479736
3518979367648,0.23115460574626923,0.039722103625535965,-1.6054214239120483
3519193890528,0.2281663864850998,0.04269293695688248,-1.6050835847854614
3519417729248,0.2214876413345337,0.046873267740011215,-1.6080507040023804
3519621963392,0.21444986760616302,0.04875221848487854,-1.6096607446670532
3519846364448,0.21699775755405426,0.04656102508306503,-1.606809377670288
3520066768224,0.21854440867900848,0.042754124850034714,-1.602987289428711
3520284924512,0.21844910085201263,0.03992783650755882,-1.6035341024398804
3520497492224,0.22099798917770386,0.037989623844623566,-1.6053214073181152
3520730306496,0.2252521812915802,0.037510164082050323,-1.6062700748443604
3520930733696,0.22889527678489685,0.03779739886522293,-1.6068090200424194
3521160992352,0.23200196027755737,0.03603549301624298,-1.6065787076950073
3521381722592,0.23534485697746277,0.032466985285282135,-1.6065776348114014
3521605084320,0.23748616874217987,0.029520772397518158,-1.6088372468948364
3521971286752,0.23856550455093384,0.028356432914733887,-1.6122444868087769
3522202816928,0.23862959444522858,0.028705833479762077,-1.6151642799377441
3522303777696,0.2487023025751114,0.03386884555220604,-1.6153771877288818
3522525321984,0.2405628114938736,0.019907474517822266,-1.6168040037155151
3522747415520,0.24100559949874878,0.016359465196728706,-1.615373134613037
3522971420448,0.23889172077178955,0.01409089844673872,-1.615073800086975
3523177120800,0.23615212738513947,0.012225826270878315,-1.6153637170791626
3523403251232,0.23651397228240967,0.008750751614570618,-1.614630103111267
3523609818048,0.23924332857131958,0.004518467467278242,-1.613038182258606
3523840063648,0.23960323631763458,0.001221153186634183,-1.6117873191833496
3524062620864,0.23717179894447327,-0.0014607502380385995,-1.6111080646514893
3524282261248,0.23467275500297546,-0.0036962241865694523,-1.6112902164459229
3524503827840,0.2338160127401352,-0.00422116182744503,-1.6116324663162231
3524725437760,0.23500864207744598,-0.006047818809747696,-1.609856128692627
3524964052608,0.23622727394104004,-0.011594866402447224,-1.6066068410873413
3525168843584,0.23497827351093292,-0.01637163572013378,-1.6055110692977905
3525389228384,0.23373477160930634,-0.019024938344955444,-1.6052199602127075
3525605378048,0.23417021334171295,-0.02133575640618801,-1.6053493022918701
3525821197600,0.2345949113368988,-0.023136237636208534,-1.6063343286514282
3526044898208,0.23451636731624603,-0.024470899254083633,-1.6070780754089355
3526261051360,0.23501630127429962,-0.027614068239927292,-1.6070358753204346
3526465746464,0.23616564273834229,-0.03230757266283035,-1.6074472665786743
3526701333920,0.23756220936775208,-0.03465205058455467,-1.6094697713851929
3526900961760,0.23847556114196777,-0.035994790494441986,-1.6118009090423584
3527126444928,0.2384749799966812,-0.039281632751226425,-1.612085223197937
3527334408544,0.23740415275096893,-0.043506912887096405,-1.6124745607376099
3527564491840,0.23853935301303864,-0.04788660630583763,-1.6135666370391846
3527792769536,0.2397208958864212,-0.05103661119937897,-1.6145509481430054
3528005831552,0.2376043051481247,-0.053150616586208344,-1.6163294315338135
3528223355136,0.23363544046878815,-0.05729106441140175,-1.6160690784454346
3528439340160,0.23386609554290771,-0.06507991999387741,-1.6131740808486938
3528679957984,0.2343902289867401,-0.07005272805690765,-1.6137077808380127
3528902015456,0.23070135712623596,-0.0717313215136528,-1.6153404712677002
3529106733696,0.22695524990558624,-0.07633611559867859,-1.61353600025177
3529330125152,0.2260519564151764,-0.08499275892972946,-1.6128003597259521
3529558326304,0.22474750876426697,-0.0893118605017662,-1.6147706508636475
3529764208672,0.22013144195079803,-0.09096142649650574,-1.614185094833374
3529966173760,0.2161431908607483,-0.0951697826385498,-1.6122230291366577
3530188921408,0.21408896148204803,-0.1014021784067154,-1.6130475997924805
3530398240992,0.2115953266620636,-0.10699936002492905,-1.6140329837799072
3530606490272,0.2095974236726761,-0.11160659790039062,-1.6119544506072998
3530827232224,0.20862063765525818,-0.11619335412979126,-1.6100941896438599
3531049843040,0.20621012151241302,-0.12074823677539825,-1.6114375591278076
3531253287136,0.20253314077854156,-0.12585954368114471,-1.6133124828338623
3531481958752,0.2004586011171341,-0.13228188455104828,-1.6133859157562256
3531670039904,0.20100003480911255,-0.1401696801185608,-1.6131198406219482
3532083289760,0.20246465504169464,-0.14720918238162994,-1.6127948760986328
3532200780992,0.2056736946105957,-0.15382850170135498,-1.613141417503357
3532399355392,0.20888370275497437,-0.1641082614660263,-1.6169184446334839
3532619561088,0.2039172649383545,-0.17106689512729645,-1.6215319633483887
3532839315680,0.20100003480911255,-0.17719346284866333,-1.6219488382339478
3533066904320,0.20601296424865723,-0.18317922949790955,-1.619583249092102
3533264340992,0.21524783968925476,-0.18737925589084625,-1.6196457147598267
3533483566976,0.21609580516815186,-0.1929086595773697,-1.6214960813522339
3533711137920,0.20839998126029968,-0.20153021812438965,-1.620536208152771
3533910357088,0.20369525253772736,-0.2100110501050949,-1.6184555292129517
3534139923040,0.2110728770494461,-0.21429966390132904,-1.61693274974823
3534340367712,0.2227042317390442,-0.21630428731441498,-1.6146069765090942
3534564769792,0.23165065050125122,-0.2187332808971405,-1.610827088356018
3534786210496,0.23676154017448425,-0.22218412160873413,-1.6069724559783936
3535005607488,0.24109040200710297,-0.22530846297740936,-1.6056655645370483
